<?xml version="1.0" encoding="UTF-8"?>
<jcr:root xmlns:cq="http://www.day.com/jcr/cq/1.0" xmlns:jcr="http://www.jcp.org/jcr/1.0" xmlns:nt="http://www.jcp.org/jcr/nt/1.0"
    jcr:primaryType="cq:Dialog"
    title="Stats"
    xtype="dialog">
    <items
        jcr:primaryType="cq:Widget"
        xtype="tabpanel">
        <items jcr:primaryType="cq:WidgetCollection">
            <tab3
                jcr:primaryType="cq:Panel"
                border="false"
                height=""
                title="Pricing Section"
                width="">
                <items jcr:primaryType="cq:WidgetCollection">
                    <priceapiurl
                        jcr:primaryType="cq:Widget"
                        fieldDescription="Enter the url "
                        fieldLabel="URL"
                        name="./url"
                        xtype="textfield"/>
                    <brand
                        jcr:primaryType="cq:Widget"
                        allowBlank="false"
                        fieldDescription="Choose Brand"
                        fieldLabel="Brand Name"
                        name="./brand"
                        type="select"
                        xtype="selection">
                        <options jcr:primaryType="cq:WidgetCollection">
                            <Symantec
                                jcr:primaryType="nt:unstructured"
                                text="Symantec"
                                value="Symantec"/>
                            <Thawte
                                jcr:primaryType="nt:unstructured"
                                text="Thawte"
                                value="Thawte"/>
                            <GeoTrust
                                jcr:primaryType="nt:unstructured"
                                text="GeoTrust"
                                value="GeoTrust"/>
                            <RapidSSL
                                jcr:primaryType="nt:unstructured"
                                text="RapidSSL"
                                value="RapidSSL"/>
                        </options>
                    </brand>
                    <country
                        jcr:primaryType="cq:Widget"
                        allowBlank="false"
                        fieldDescription="Choose Country"
                        fieldLabel="Country"
                        name="./country"
                        type="select"
                        xtype="selection">
                        <options jcr:primaryType="cq:WidgetCollection">
                            <us
                                jcr:primaryType="nt:unstructured"
                                text="United States"
                                value="US"/>
                            <fr
                                jcr:primaryType="nt:unstructured"
                                text="France"
                                value="FR"/>
                            <de
                                jcr:primaryType="nt:unstructured"
                                text="Switzerland"
                                value="DE"/>
                            <ch
                                jcr:primaryType="nt:unstructured"
                                text="China"
                                value="CH"/>
                            <au
                                jcr:primaryType="nt:unstructured"
                                text="Australia"
                                value="AU"/>
                            <ds
                                jcr:primaryType="nt:unstructured"
                                text="Denmark"
                                value="DK"/>
                            <es
                                jcr:primaryType="nt:unstructured"
                                text="Spain"
                                value="ES"/>
                            <gb
                                jcr:primaryType="nt:unstructured"
                                text="Great Britain"
                                value="GB"/>
                            <se
                                jcr:primaryType="nt:unstructured"
                                text="Seoul"
                                value="SE"/>
                            <sg
                                jcr:primaryType="nt:unstructured"
                                text="Singapore"
                                value="SG"/>
                            <hk
                                jcr:primaryType="nt:unstructured"
                                text="Hong Kong"
                                value="HK"/>
                            <tw
                                jcr:primaryType="nt:unstructured"
                                text="Taiwan"
                                value="TW"/>
                        </options>
                    </country>
                    <International
                        jcr:primaryType="cq:Widget"
                        allowBlank="false"
                        fieldDescription="Choose International"
                        fieldLabel="International"
                        name="./isInternational"
                        type="select"
                        xtype="selection">
                        <options jcr:primaryType="cq:WidgetCollection">
                            <True
                                jcr:primaryType="nt:unstructured"
                                text="Yes"
                                value="true"/>
                            <false
                                jcr:primaryType="nt:unstructured"
                                text="No"
                                value="false"/>
                        </options>
                    </International>
                    <page_x0020_name
                        jcr:primaryType="cq:Widget"
                        allowBlank="false"
                        fieldDescription="Choose Page Product  Name"
                        fieldLabel="Page Product  Name"
                        name="./productname"
                        type="select"
                        xtype="selection">
                        <options jcr:primaryType="cq:WidgetCollection">
                            <SecureSiteEVPro
                                jcr:primaryType="nt:unstructured"
                                text="Secure Site Pro EV"
                                value="SecureSiteEVPro"/>
                            <SecureSite
                                jcr:primaryType="nt:unstructured"
                                text="Secure Site"
                                value="SecureSite"/>
                            <SecureSiteEV
                                jcr:primaryType="nt:unstructured"
                                text="Secure Site with EV"
                                value="SecureSiteEV"/>
                            <SecureSitePro
                                jcr:primaryType="nt:unstructured"
                                text="Secure Site Pro"
                                value="SecureSitePro"/>
                            <SecureSiteWC
                                jcr:primaryType="nt:unstructured"
                                text="Secure Site Wildcard"
                                value="SecureSiteWC"/>
                        </options>
                    </page_x0020_name>
                    <title
                        jcr:primaryType="cq:Widget"
                        fieldDescription="Enter the Product Compare Heading"
                        fieldLabel="Heading of Product Compare"
                        name="./downsectionheading"
                        xtype="textfield"/>
                    <titlecolor
                        jcr:primaryType="cq:Widget"
                        fieldDescription="Choose the color for Product Heading"
                        fieldLabel="Product Heading Color"
                        name="./downtitlecolor"
                        type="select"
                        xtype="selection">
                        <options jcr:primaryType="cq:WidgetCollection">
                            <charcoal_grey
                                jcr:primaryType="nt:unstructured"
                                text="Charcoal Grey"
                                value="charcoal_grey_font"/>
                            <grey
                                jcr:primaryType="nt:unstructured"
                                text="Grey"
                                value="grey_font"/>
                            <lightest_grey
                                jcr:primaryType="nt:unstructured"
                                text="Lightest Grey"
                                value="lightest_grey_font"/>
                            <light_grey
                                jcr:primaryType="nt:unstructured"
                                text="Light Grey"
                                value="light_grey_font"/>
                            <midgrey
                                jcr:primaryType="nt:unstructured"
                                text="Mid Grey"
                                value="midgrey_font"/>
                            <slate_grey
                                jcr:primaryType="nt:unstructured"
                                text="Slate Grey"
                                value="slate_grey_font"/>
                            <ash
                                jcr:primaryType="nt:unstructured"
                                text="Ash"
                                value="ash_font"/>
                            <yellow
                                jcr:primaryType="nt:unstructured"
                                text="Symantec Gold"
                                value="symantec_gold_font"/>
                            <pink
                                jcr:primaryType="nt:unstructured"
                                text="Pink"
                                value="pink_font"/>
                            <blue
                                jcr:primaryType="nt:unstructured"
                                text="Sky Blue"
                                value="sky_blue_font"/>
                            <black
                                jcr:primaryType="nt:unstructured"
                                text="Black"
                                value="black_font"/>
                            <white
                                jcr:primaryType="nt:unstructured"
                                text="White"
                                value="white_font"/>
                            <green
                                jcr:primaryType="nt:unstructured"
                                text="Green"
                                value="green_font"/>
                            <purple
                                jcr:primaryType="nt:unstructured"
                                text="Purple"
                                value="purple_font"/>
                            <red
                                jcr:primaryType="nt:unstructured"
                                text="Red"
                                value="red_font"/>
                        </options>
                    </titlecolor>
                    <pricing_x0020_apiData
                        jcr:primaryType="cq:Widget"
                        fieldDescription="Click the '+' to add a new data"
                        fieldLabel="Product Data"
                        name="./devdata1"
                        xtype="custommultifield">
                        <fieldConfig jcr:primaryType="cq:WidgetCollection">
                            <title
                                jcr:primaryType="cq:Widget"
                                fieldDescription="Enter the title for Product"
                                fieldLabel="Title of Product"
                                name="./downsectiontitle"
                                xtype="textfield"/>
                            <path
                                jcr:primaryType="cq:Widget"
                                fieldDescription="Specify the path for title"
                                fieldLabel="Title Link Path"
                                name="./titlepath"
                                xtype="pathfield"/>
                            <subtitle
                                jcr:primaryType="cq:Widget"
                                fieldDescription="Enter Subtitle"
                                fieldLabel="Subtitle"
                                name="./bottomsubtitle"
                                xtype="textfield"/>
                            <page_x0020_name
                                jcr:primaryType="cq:Widget"
                                allowBlank="false"
                                fieldDescription="Choose Product comparison Name"
                                fieldLabel="Choose Product comparison Name"
                                name="./productvalue"
                                type="select"
                                xtype="selection">
                                <options jcr:primaryType="cq:WidgetCollection">
                                    <SecureSiteEVPro
                                        jcr:primaryType="nt:unstructured"
                                        text="Secure Site Pro EV"
                                        value="SecureSiteEVPro"/>
                                    <SecureSite
                                        jcr:primaryType="nt:unstructured"
                                        text="Secure Site"
                                        value="SecureSite"/>
                                    <SecureSiteEV
                                        jcr:primaryType="nt:unstructured"
                                        text="Secure Site with EV"
                                        value="SecureSiteEV"/>
                                    <SecureSitePro
                                        jcr:primaryType="nt:unstructured"
                                        text="Secure Site Pro"
                                        value="SecureSitePro"/>
                                    <SecureSiteWC
                                        jcr:primaryType="nt:unstructured"
                                        text="Secure Site Wildcard"
                                        value="SecureSiteWC"/>
                                </options>
                            </page_x0020_name>
                            <bullettext1
                                jcr:primaryType="cq:Widget"
                                fieldDescription="Enter BulletText 1"
                                fieldLabel="BulletText 1"
                                name="./details1"
                                xtype="textfield"/>
                            <icons1
                                jcr:primaryType="cq:Widget"
                                allowBlank="false"
                                fieldDescription="Choose icons for bullet text 1"
                                fieldLabel="Icons"
                                name="./propicons1"
                                type="select"
                                xtype="selection">
                                <options jcr:primaryType="cq:WidgetCollection">
                                    <cross
                                        jcr:primaryType="nt:unstructured"
                                        text="Cross-Icon"
                                        value="deactive"/>
                                    <green
                                        jcr:primaryType="nt:unstructured"
                                        text="Green Icon"
                                        value="active"/>
                                </options>
                            </icons1>
                            <bullettext2
                                jcr:primaryType="cq:Widget"
                                fieldDescription="Enter BulletText 2"
                                fieldLabel="BulletText 2"
                                maxLength="30"
                                name="./details2"
                                xtype="textfield"/>
                            <icons2
                                jcr:primaryType="cq:Widget"
                                allowBlank="false"
                                fieldDescription="Choose icons for bullet text 2"
                                fieldLabel="Icons"
                                name="./propicons2"
                                type="select"
                                xtype="selection">
                                <options jcr:primaryType="cq:WidgetCollection">
                                    <cross
                                        jcr:primaryType="nt:unstructured"
                                        text="Cross-Icon"
                                        value="deactive"/>
                                    <green
                                        jcr:primaryType="nt:unstructured"
                                        text="Green Icon"
                                        value="active"/>
                                </options>
                            </icons2>
                            <bullettext3
                                jcr:primaryType="cq:Widget"
                                fieldDescription="Enter BulletText 3"
                                fieldLabel="BulletText 3"
                                maxLength="30"
                                name="./details3"
                                xtype="textfield"/>
                            <icons3
                                jcr:primaryType="cq:Widget"
                                allowBlank="false"
                                fieldDescription="Choose icons for bullet text 3"
                                fieldLabel="Icons"
                                name="./propicons3"
                                type="select"
                                xtype="selection">
                                <options jcr:primaryType="cq:WidgetCollection">
                                    <cross
                                        jcr:primaryType="nt:unstructured"
                                        text="Cross-Icon"
                                        value="deactive"/>
                                    <green
                                        jcr:primaryType="nt:unstructured"
                                        text="Green Icon"
                                        value="active"/>
                                </options>
                            </icons3>
                        </fieldConfig>
                    </pricing_x0020_apiData>
                </items>
            </tab3>
            <tab1
                jcr:primaryType="cq:Panel"
                title="Left Section">
                <items jcr:primaryType="cq:WidgetCollection">
                    <sectiontitle
                        jcr:primaryType="cq:Widget"
                        fieldDescription="Enter the title for left section"
                        fieldLabel="Title for left section"
                        maxLength="37"
                        name="./start"
                        xtype="textfield"/>
                    <amount
                        jcr:primaryType="cq:Widget"
                        allowedBlank="false"
                        fieldDescription="Enter the Default Amount"
                        fieldLabel="Default Amount "
                        name="./amount"
                        xtype="textfield"/>
                    <button
                        jcr:primaryType="cq:Widget"
                        allowBlank="{Boolean}false"
                        fieldDescription="Enter the title"
                        fieldLabel="Button 1"
                        maxLength="24"
                        name="./button1"
                        xtype="textfield"/>
                    <producttype
                        jcr:primaryType="cq:Widget"
                        fieldDescription="Enter the Product Type"
                        fieldLabel="Product Type"
                        name="./producttype"
                        xtype="textfield"/>
                    <locale
                        jcr:primaryType="cq:Widget"
                        fieldDescription="Enter the Application Locale"
                        fieldLabel="Application Locale"
                        name="./locale"
                        xtype="textfield"/>
                    <button1path
                        jcr:primaryType="nt:unstructured"
                        allowBlank="false"
                        fieldDescription="Specify the path of the button"
                        fieldLabel="Path 1"
                        name="./path1"
                        xtype="pathfield"/>
                    <button2
                        jcr:primaryType="nt:unstructured"
                        allowBlank="false"
                        fieldDescription="Enter the title"
                        fieldLabel="Button 2"
                        maxLength="24"
                        name="./button2"
                        xtype="textfield"/>
                    <button2path
                        jcr:primaryType="nt:unstructured"
                        allowBlank="false"
                        fieldDescription="Specify the path of the button"
                        fieldLabel="Path 2"
                        name="./freetrail"
                        xtype="pathfield"/>
                    <rt
                        jcr:primaryType="nt:unstructured"
                        fieldDescription="Enter Description"
                        fieldLabel="Description"
                        name="./descplugin"
                        removeSingleParagraphContainer="{Boolean}true"
                        validateValue="function(field){var temp=this.getValue();if(temp.length>258){this.markInvalid(&quot;Description should not exceed 250 characters&quot;);return false;}else if(temp.length == 0){this.markInvalid(&quot;Enter Description&quot;);return false;}else{this.clearInvalid();return true;}}"
                        xtype="richtext">
                        <rtePlugins jcr:primaryType="nt:unstructured">
                            <table
                                jcr:primaryType="nt:unstructured"
                                features="*"/>
                            <format
                                jcr:primaryType="nt:unstructured"
                                features="*"/>
                            <lists
                                jcr:primaryType="nt:unstructured"
                                features="*"/>
                            <justify
                                jcr:primaryType="nt:unstructured"
                                features="*"/>
                            <edit
                                jcr:primaryType="nt:unstructured"
                                features="\[&quot;paste-wordhtml&quot;]"/>
                            <findreplace
                                jcr:primaryType="nt:unstructured"
                                features="*"/>
                            <paraformat
                                jcr:primaryType="nt:unstructured"
                                features="*"/>
                            <subsuperscript
                                jcr:primaryType="nt:unstructured"
                                features="*"/>
                            <misctools
                                jcr:primaryType="nt:unstructured"
                                features="*"/>
                            <links
                                jcr:primaryType="nt:unstructured"
                                features="*"/>
                            <spellcheck
                                jcr:primaryType="nt:unstructured"
                                features="*"
                                invalidStyle="background-color: #ffdddd;"/>
                            <undo
                                jcr:primaryType="nt:unstructured"
                                features="*"/>
                            <image
                                jcr:primaryType="nt:unstructured"
                                features="*"/>
                            <fontstyles
                                jcr:primaryType="nt:unstructured"
                                features="*">
                                <styles jcr:primaryType="cq:WidgetCollection">
                                    <fontstyle
                                        jcr:primaryType="cq:WidgetCollection"
                                        cssName="css"
                                        text="Description"/>
                                </styles>
                            </fontstyles>
                            <fontcolor
                                jcr:primaryType="nt:unstructured"
                                features="*">
                                <styles jcr:primaryType="cq:WidgetCollection">
                                    <fontcolor
                                        jcr:primaryType="cq:WidgetCollection"
                                        cssName="css"
                                        text="Description"/>
                                </styles>
                            </fontcolor>
                            <styles
                                jcr:primaryType="nt:unstructured"
                                features="*">
                                <style
                                    jcr:primaryType="cq:WidgetCollection"
                                    cssName="richtext"
                                    text="Description"/>
                            </styles>
                        </rtePlugins>
                    </rt>
                    <inid
                        jcr:primaryType="cq:Widget"
                        fieldDescription="Enter In ID "
                        fieldLabel="In ID"
                        name="./inid"
                        xtype="textfield"/>
                </items>
            </tab1>
            <tab2
                jcr:primaryType="cq:Panel"
                border="false"
                height=""
                title="Right Section"
                width="">
                <items jcr:primaryType="cq:WidgetCollection">
                    <title
                        jcr:primaryType="cq:Widget"
                        fieldDescription="Enter the title"
                        fieldLabel="Title of Right Section"
                        maxLength="55"
                        name="./rightsectiontitle"
                        xtype="textfield"/>
                    <titlecolor
                        jcr:primaryType="cq:Widget"
                        fieldDescription="Choose the color for Title"
                        fieldLabel="Title color"
                        name="./title1color"
                        type="select"
                        xtype="selection">
                        <options jcr:primaryType="cq:WidgetCollection">
                            <charcoal_grey
                                jcr:primaryType="nt:unstructured"
                                text="Charcoal Grey"
                                value="charcoal_grey_font"/>
                            <grey
                                jcr:primaryType="nt:unstructured"
                                text="Grey"
                                value="grey_font"/>
                            <lightest_grey
                                jcr:primaryType="nt:unstructured"
                                text="Lightest Grey"
                                value="lightest_grey_font"/>
                            <light_grey
                                jcr:primaryType="nt:unstructured"
                                text="Light Grey"
                                value="light_grey_font"/>
                            <midgrey
                                jcr:primaryType="nt:unstructured"
                                text="Mid Grey"
                                value="midgrey_font"/>
                            <slate_grey
                                jcr:primaryType="nt:unstructured"
                                text="Slate Grey"
                                value="slate_grey_font"/>
                            <ash
                                jcr:primaryType="nt:unstructured"
                                text="Ash"
                                value="ash_font"/>
                            <yellow
                                jcr:primaryType="nt:unstructured"
                                text="Symantec Gold"
                                value="symantec_gold_font"/>
                            <pink
                                jcr:primaryType="nt:unstructured"
                                text="Pink"
                                value="pink_font"/>
                            <blue
                                jcr:primaryType="nt:unstructured"
                                text="Sky Blue"
                                value="sky_blue_font"/>
                            <black
                                jcr:primaryType="nt:unstructured"
                                text="Black"
                                value="black_font"/>
                            <white
                                jcr:primaryType="nt:unstructured"
                                text="White"
                                value="white_font"/>
                            <green
                                jcr:primaryType="nt:unstructured"
                                text="Green"
                                value="green_font"/>
                            <purple
                                jcr:primaryType="nt:unstructured"
                                text="Purple"
                                value="purple_font"/>
                            <red
                                jcr:primaryType="nt:unstructured"
                                text="Red"
                                value="red_font"/>
                        </options>
                    </titlecolor>
                    <subtitle
                        jcr:primaryType="cq:Widget"
                        allowBlank="false"
                        fieldDescription="Enter the title"
                        fieldLabel="Validity Text Label"
                        maxLength="24"
                        name="./Validitytextlabel"
                        xtype="textfield"/>
                    <Validity
                        jcr:primaryType="cq:Widget"
                        allowBlank="false"
                        fieldDescription="Enter the validity Period"
                        fieldLabel="Validity Period"
                        name="./validity"
                        type="select"
                        xtype="numberfield"/>
                    <subtitle1
                        jcr:primaryType="cq:Widget"
                        allowBlank="false"
                        fieldDescription="Enter the title"
                        fieldLabel="Server Text Label"
                        maxLength="24"
                        name="./servertextlabel"
                        xtype="textfield"/>
                    <servers
                        cq:lastReplicated="{Date}2017-02-15T05:24:00.815-07:00"
                        cq:lastReplicatedBy="admin"
                        cq:lastReplicationAction="Activate"
                        jcr:mixinTypes="[cq:ReplicationStatus]"
                        jcr:primaryType="cq:Widget"
                        defaultValue="1"
                        fieldDescription="Enter the number of server to be added"
                        fieldLabel="Added Server"
                        name="./server"
                        type="select"
                        value="1"
                        xtype="numberfield">
                        <options jcr:primaryType="cq:WidgetCollection">
                            <_x0031__x0020_Year
                                jcr:primaryType="nt:unstructured"
                                text="1"
                                value="1"/>
                            <_x0032__x0020_Year
                                jcr:primaryType="nt:unstructured"
                                text="2"
                                value="2"/>
                            <_x0033__x0020_Year
                                jcr:primaryType="nt:unstructured"
                                text="3"
                                value="3"/>
                        </options>
                    </servers>
                    <serveramount
                        jcr:primaryType="cq:Widget"
                        fieldDescription="Enter the amount"
                        fieldLabel="Server Amount"
                        name="./serveramount"
                        xtype="textfield"/>
                    <serveramntperyr
                        jcr:primaryType="cq:Widget"
                        fieldDescription="Enter the rate per year for server"
                        fieldLabel="Server Currency/Year "
                        name="./serverrate"
                        xtype="textfield"/>
                    <subtitle2
                        jcr:primaryType="cq:Widget"
                        allowBlank="false"
                        fieldDescription="Enter the title"
                        fieldLabel="SAN Text Label"
                        maxLength="24"
                        name="./santextlabel"
                        xtype="textfield"/>
                    <SAN
                        jcr:primaryType="cq:Widget"
                        allowBlank="false"
                        fieldDescription="Enter the count of SAN"
                        fieldLabel="Added SAN's"
                        name="./san"
                        type="select"
                        xtype="numberfield">
                        <options jcr:primaryType="cq:WidgetCollection">
                            <_x0031__x0020_Year
                                jcr:primaryType="nt:unstructured"
                                text="1 Year"
                                value="1 Year"/>
                            <_x0032__x0020_Year
                                jcr:primaryType="nt:unstructured"
                                text="2 Year"
                                value="2 Year"/>
                            <_x0033__x0020_Year
                                jcr:primaryType="nt:unstructured"
                                text="3 Year"
                                value="3 Year"/>
                        </options>
                    </SAN>
                    <sanamount
                        jcr:primaryType="cq:Widget"
                        fieldDescription="Enter the amount of SAN"
                        fieldLabel="SAN Amount"
                        name="./sanamount"
                        xtype="textfield"/>
                    <sanamntperyr
                        jcr:primaryType="cq:Widget"
                        fieldDescription="Enter the rate per year for San"
                        fieldLabel="SanCurrency/Year "
                        name="./sanrate"
                        xtype="textfield"/>
                    <background
                        jcr:primaryType="cq:Widget"
                        defaultValue="none"
                        fieldDescription="Choose the color for the container background"
                        fieldLabel="Background Color"
                        name="./background"
                        type="select"
                        xtype="selection">
                        <options jcr:primaryType="cq:WidgetCollection">
                            <none
                                jcr:primaryType="nt:unstructured"
                                text="none"
                                value="none"/>
                            <charcoal_grey
                                jcr:primaryType="nt:unstructured"
                                text="charcoal grey"
                                value="charcoal_grey_bg"/>
                            <grey
                                jcr:primaryType="nt:unstructured"
                                text="grey"
                                value="grey_bg"/>
                            <lightest_grey
                                jcr:primaryType="nt:unstructured"
                                text="lightest grey"
                                value="lightest_grey_bg"/>
                            <light_grey
                                jcr:primaryType="nt:unstructured"
                                text="light grey"
                                value="light_grey_bg"/>
                            <midgrey
                                jcr:primaryType="nt:unstructured"
                                text="midgrey"
                                value="midgrey_bg"/>
                            <slate_grey
                                jcr:primaryType="nt:unstructured"
                                text="slate_grey"
                                value="slate_grey_bg"/>
                            <ash
                                jcr:primaryType="nt:unstructured"
                                text="ash"
                                value="ash_bg"/>
                            <Symantec_x0020_Gold
                                jcr:primaryType="nt:unstructured"
                                text="Symantec Gold"
                                value="symantec_gold_bg"/>
                            <pink
                                jcr:primaryType="nt:unstructured"
                                text="pink"
                                value="pink_bg"/>
                            <blue
                                jcr:primaryType="nt:unstructured"
                                text="sky blue"
                                value="sky_blue_bg"/>
                            <black
                                jcr:primaryType="nt:unstructured"
                                text="black"
                                value="black_bg"/>
                            <gradient
                                jcr:primaryType="nt:unstructured"
                                text="Gradient"
                                value="blue-gradient3 text-center"/>
                            <white
                                jcr:primaryType="nt:unstructured"
                                text="white"
                                value="white_bg"/>
                            <green
                                jcr:primaryType="nt:unstructured"
                                text="green"
                                value="green_bg"/>
                            <purple
                                jcr:primaryType="nt:unstructured"
                                text="purple"
                                value="purple_bg"/>
                            <red
                                jcr:primaryType="nt:unstructured"
                                text="red"
                                value="red_bg"/>
                        </options>
                    </background>
                </items>
            </tab2>
            <tab4
                jcr:primaryType="cq:Panel"
                border="false"
                height=""
                title="Failure Section"
                width="">
                <items jcr:primaryType="cq:WidgetCollection">
                    <alerttext
                        jcr:primaryType="cq:Widget"
                        allowedBlank="false"
                        fieldDescription="Enter the text for failure alert"
                        fieldLabel="Text of Failure Alert"
                        name="./failuresectiontitle"
                        xtype="textfield"/>
                    <failuretext
                        jcr:primaryType="cq:Widget"
                        allowedBlank="false"
                        fieldDescription="Enter the text  after api failure for all product "
                        fieldLabel="Text After Failure Api"
                        name="./failuretitle"
                        xtype="textfield"/>
                    <timeouttiming
                        jcr:primaryType="cq:Widget"
                        allowedBlank="false"
                        fieldDescription="Timeout Timing for Api in second"
                        fieldLabel="Timout Timing For Api in Second"
                        name="./timeout"
                        xtype="textfield"/>
                </items>
            </tab4>
        </items>
    </items>
</jcr:root>
