<?xml version="1.0" encoding="UTF-8"?>
<jcr:root xmlns:cq="http://www.day.com/jcr/cq/1.0" xmlns:jcr="http://www.jcp.org/jcr/1.0" xmlns:nt="http://www.jcp.org/jcr/nt/1.0"
    jcr:primaryType="cq:Dialog"
    manageTabs="function(tab,noSwitch)&#xa;{&#xa;&#x9;var tabs=['image','imgdesc','list','imagelefttextright','imageleftlinkright','imagecentertextbelow','smallimageleftwithlinkortext'];&#xa;&#x9;var index=tabs.indexOf(tab);&#xa;&#x9;if(index==-1)&#xa;&#x9;&#x9;return;&#xa;&#x9;for(var i=3;i&lt;tabs.length;i++)&#xa;&#x9;{&#xa;&#x9;&#x9;if(index==i)&#xa;&#x9;&#x9;{&#xa;&#x9;&#x9;&#x9;this.unhideTabStripItem(i);&#xa;&#x9;&#x9;}&#xa;&#x9;&#x9;else&#xa;&#x9;&#x9;{&#xa;&#x9;&#x9;&#x9;this.hideTabStripItem(i);&#xa;&#x9;&#x9;}&#xa;&#x9;}&#xa;&#x9;this.doLayout();&#xa;&#x9;if(!noSwitch)&#xa;&#x9;&#x9;this.activate(index);&#xa;}"
    title="Icon Text and Title"
    xtype="tabpanel">
    <items jcr:primaryType="cq:WidgetCollection">
        <image
            jcr:primaryType="cq:Widget"
            cropParameter="./imageCrop"
            ddGroups="[media]"
            fieldLabel="Logo Image"
            fileNameParameter="./imageName"
            fileReferenceParameter="./imageReference"
            mapParameter="./imageMap"
            name="./image"
            rotateParameter="./imageRotate"
            sizeLimit="100"
            title="Image"
            xtype="html5smartimage"/>
        <imgdesc
            jcr:primaryType="cq:Widget"
            title="Image Description"
            xtype="panel">
            <items jcr:primaryType="cq:WidgetCollection">
                <imgtext
                    jcr:primaryType="cq:Widget"
                    fieldDescription="Enter the Title of the Image"
                    fieldLabel="Image Title"
                    maxLength="60"
                    name="./imgtitle"
                    xtype="textfield"/>
                <alternatetext
                    jcr:primaryType="cq:Widget"
                    fieldDescription="Enter Alternate Text for Image"
                    fieldLabel="Alternate Text for Image"
                    maxLength="53"
                    name="./alternatetext"
                    xtype="textfield"/>
            </items>
        </imgdesc>
        <list
            jcr:primaryType="cq:Widget"
            title="Variations"
            xtype="panel">
            <items jcr:primaryType="cq:WidgetCollection">
                <listFrom
                    jcr:primaryType="cq:Widget"
                    allowBlank="{Boolean}false"
                    defaultValue=""
                    fieldLabel="Select Variation"
                    name="./listFrom"
                    type="select"
                    xtype="selection">
                    <listeners
                        jcr:primaryType="nt:unstructured"
                        loadcontent="function(){this.findParentByType('tabpanel').manageTabs(this.getValue(),true);}"
                        selectionchanged="function(box,value){box.findParentByType('tabpanel').manageTabs(value);}"/>
                    <options jcr:primaryType="cq:WidgetCollection">
                        <imagelefttextright
                            jcr:primaryType="nt:unstructured"
                            text="Image Left and Text Right"
                            value="imagelefttextright"/>
                        <imageleftlinkright
                            jcr:primaryType="nt:unstructured"
                            text="Image Left and Link Right"
                            value="imageleftlinkright"/>
                        <imagecentertextbelow
                            jcr:primaryType="nt:unstructured"
                            text="Image Center and Text Below"
                            value="imagecentertextbelow"/>
                        <smallimageleftlinkright
                            jcr:primaryType="nt:unstructured"
                            text="Small Image Left With Link Or Text Right"
                            value="smallimageleftwithlinkortext"/>
                    </options>
                </listFrom>
            </items>
        </list>
        <imagelefttextright
            jcr:primaryType="cq:Widget"
            title="Image Left and Text Right"
            xtype="panel">
            <listeners
                jcr:primaryType="nt:unstructured"
                render="function() { this.findParentByType('tabpanel').hideTabStripItem(3); }"/>
            <items jcr:primaryType="cq:WidgetCollection">
                <bordercolor
                    jcr:primaryType="cq:Widget"
                    defaultValue="Select Color"
                    fieldDescription="Border Color"
                    fieldLabel="Border Color"
                    name="./bordercolor"
                    type="select"
                    xtype="selection">
                    <options jcr:primaryType="cq:WidgetCollection">
                        <charcoal_grey
                            jcr:primaryType="nt:unstructured"
                            text="charcoal grey"
                            value="charcoal_grey_border"/>
                        <grey
                            jcr:primaryType="nt:unstructured"
                            text="grey"
                            value="grey_border"/>
                        <lightest_grey
                            jcr:primaryType="nt:unstructured"
                            text="lightest grey"
                            value="lightest_grey_border"/>
                        <light_grey
                            jcr:primaryType="nt:unstructured"
                            text="light grey"
                            value="light_grey_border"/>
                        <midgrey
                            jcr:primaryType="nt:unstructured"
                            text="midgrey"
                            value="midgrey_border"/>
                        <slate_grey
                            jcr:primaryType="nt:unstructured"
                            text="slate_grey"
                            value="slate_grey_border"/>
                        <ash
                            jcr:primaryType="nt:unstructured"
                            text="ash"
                            value="ash_border"/>
                        <Symantec_x0020_Gold
                            jcr:primaryType="nt:unstructured"
                            text="Symantec Gold"
                            value="symantec_gold_border"/>
                        <pink
                            jcr:primaryType="nt:unstructured"
                            text="pink"
                            value="pink_border"/>
                        <blue
                            jcr:primaryType="nt:unstructured"
                            text="sky blue"
                            value="sky_blue_border"/>
                        <black
                            jcr:primaryType="nt:unstructured"
                            text="black"
                            value="black_border"/>
                        <white
                            jcr:primaryType="nt:unstructured"
                            text="white"
                            value="white_border"/>
                        <green
                            jcr:primaryType="nt:unstructured"
                            text="green"
                            value="green_border"/>
                        <purple
                            jcr:primaryType="nt:unstructured"
                            text="purple"
                            value="purple_border"/>
                        <red
                            jcr:primaryType="nt:unstructured"
                            text="red"
                            value="red_border"/>
                    </options>
                </bordercolor>
                <color
                    jcr:primaryType="cq:Widget"
                    fieldDescription="Background Color"
                    fieldLabel="Background Color"
                    name="./bgcolor"
                    type="select"
                    xtype="selection">
                    <options jcr:primaryType="cq:WidgetCollection">
                        <charcoal_grey
                            jcr:primaryType="nt:unstructured"
                            text="charcoal grey"
                            value="charcoal_grey_bg"/>
                        <lightgrey
                            jcr:primaryType="nt:unstructured"
                            text="lightest_grey"
                            value="lightest_grey_bg"/>
                        <red
                            jcr:primaryType="nt:unstructured"
                            text="red"
                            value="red_bg"/>
                        <Symantec_x0020_Gold
                            jcr:primaryType="nt:unstructured"
                            text="Symantec Gold"
                            value="symantec_gold_bg"/>
                        <ash
                            jcr:primaryType="nt:unstructured"
                            text="ash"
                            value="ash_bg"/>
                        <green
                            jcr:primaryType="nt:unstructured"
                            text="green"
                            value="green_bg"/>
                        <purple
                            jcr:primaryType="nt:unstructured"
                            text="purple"
                            value="purple_bg"/>
                        <blue
                            jcr:primaryType="nt:unstructured"
                            text="sky_blue"
                            value="sky_blue_bg"/>
                        <white
                            jcr:primaryType="nt:unstructured"
                            text="white"
                            value="white_bg"/>
                    </options>
                </color>
                <title
                    jcr:primaryType="cq:Widget"
                    fieldDescription="Enter Title"
                    fieldLabel="Title"
                    maxLength="70"
                    name="./title"
                    xtype="textfield"/>
                <titlecolor
                    jcr:primaryType="cq:Widget"
                    fieldDescription="Choose the color for Title"
                    fieldLabel="Title color"
                    name="./titlecolor"
                    type="select"
                    xtype="selection">
                    <options jcr:primaryType="cq:WidgetCollection">
                        <charcoal_grey
                            jcr:primaryType="nt:unstructured"
                            text="Charcoal Grey"
                            value="charcoal_grey_font"/>
                        <grey
                            jcr:primaryType="nt:unstructured"
                            text="Grey"
                            value="grey_font"/>
                        <lightest_grey
                            jcr:primaryType="nt:unstructured"
                            text="Lightest Grey"
                            value="lightest_grey_font"/>
                        <light_grey
                            jcr:primaryType="nt:unstructured"
                            text="Light Grey"
                            value="light_grey_font"/>
                        <midgrey
                            jcr:primaryType="nt:unstructured"
                            text="Mid Grey"
                            value="midgrey_font"/>
                        <slate_grey
                            jcr:primaryType="nt:unstructured"
                            text="Slate Grey"
                            value="slate_grey_font"/>
                        <ash
                            jcr:primaryType="nt:unstructured"
                            text="Ash"
                            value="ash_font"/>
                        <yellow
                            jcr:primaryType="nt:unstructured"
                            text="Symantec Gold"
                            value="symantec_gold_font"/>
                        <pink
                            jcr:primaryType="nt:unstructured"
                            text="Pink"
                            value="pink_font"/>
                        <blue
                            jcr:primaryType="nt:unstructured"
                            text="Sky Blue"
                            value="sky_blue_font"/>
                        <black
                            jcr:primaryType="nt:unstructured"
                            text="Black"
                            value="black_font"/>
                        <white
                            jcr:primaryType="nt:unstructured"
                            text="White"
                            value="white_font"/>
                        <green
                            jcr:primaryType="nt:unstructured"
                            text="Green"
                            value="green_font"/>
                        <purple
                            jcr:primaryType="nt:unstructured"
                            text="Purple"
                            value="purple_font"/>
                        <red
                            jcr:primaryType="nt:unstructured"
                            text="Red"
                            value="red_font"/>
                    </options>
                </titlecolor>
                <Description
                    jcr:primaryType="nt:unstructured"
                    fieldDescription="Enter the Description"
                    fieldLabel="Description"
                    name="./description"
                    removeSingleParagraphContainer="{Boolean}true"
                    validateValue="function(field){var temp=this.getValue();if(temp.length>158){this.markInvalid(&quot;Description should not exceed 150 characters&quot;);return false;}else{this.clearInvalid();return true;}}"
                    xtype="richtext">
                    <rtePlugins jcr:primaryType="nt:unstructured">
                        <table
                            jcr:primaryType="nt:unstructured"
                            features="*"/>
                        <format
                            jcr:primaryType="nt:unstructured"
                            features="*"/>
                        <lists
                            jcr:primaryType="nt:unstructured"
                            features="*"/>
                        <justify
                            jcr:primaryType="nt:unstructured"
                            features="*"/>
                        <edit
                            jcr:primaryType="nt:unstructured"
                            features="[paste-wordhtml]"/>
                        <findreplace
                            jcr:primaryType="nt:unstructured"
                            features="*"/>
                        <paraformat
                            jcr:primaryType="nt:unstructured"
                            features="*"/>
                        <subsuperscript
                            jcr:primaryType="nt:unstructured"
                            features="*"/>
                        <misctools
                            jcr:primaryType="nt:unstructured"
                            features="*"/>
                        <links
                            jcr:primaryType="nt:unstructured"
                            features="*"/>
                        <spellcheck
                            jcr:primaryType="nt:unstructured"
                            features="*"
                            invalidStyle="background-color: #ffdddd;"/>
                        <undo
                            jcr:primaryType="nt:unstructured"
                            features="*"/>
                        <image
                            jcr:primaryType="nt:unstructured"
                            features="*"/>
                        <fontstyles
                            jcr:primaryType="nt:unstructured"
                            features="*">
                            <styles jcr:primaryType="cq:WidgetCollection">
                                <fontstyle
                                    jcr:primaryType="cq:WidgetCollection"
                                    cssName="css"
                                    text="Description"/>
                            </styles>
                        </fontstyles>
                        <fontcolor
                            jcr:primaryType="nt:unstructured"
                            features="*">
                            <styles jcr:primaryType="cq:WidgetCollection">
                                <fontcolor
                                    jcr:primaryType="cq:WidgetCollection"
                                    cssName="css"
                                    text="Description"/>
                            </styles>
                        </fontcolor>
                        <styles
                            jcr:primaryType="nt:unstructured"
                            features="*">
                            <style
                                jcr:primaryType="cq:WidgetCollection"
                                cssName="richtext"
                                text="Description"/>
                        </styles>
                    </rtePlugins>
                </Description>
                <Description_x0020_color
                    jcr:primaryType="cq:Widget"
                    fieldDescription="Choose the color for Description"
                    fieldLabel="Description Color"
                    name="./desccolor"
                    type="select"
                    xtype="selection">
                    <options jcr:primaryType="cq:WidgetCollection">
                        <charcoal_grey
                            jcr:primaryType="nt:unstructured"
                            text="Charcoal Grey"
                            value="charcoal_grey_font"/>
                        <grey
                            jcr:primaryType="nt:unstructured"
                            text="Grey"
                            value="grey_font"/>
                        <lightest_grey
                            jcr:primaryType="nt:unstructured"
                            text="Lightest Grey"
                            value="lightest_grey_font"/>
                        <light_grey
                            jcr:primaryType="nt:unstructured"
                            text="Light Grey"
                            value="light_grey_font"/>
                        <midgrey
                            jcr:primaryType="nt:unstructured"
                            text="Mid Grey"
                            value="midgrey_font"/>
                        <slate_grey
                            jcr:primaryType="nt:unstructured"
                            text="Slate Grey"
                            value="slate_grey_font"/>
                        <ash
                            jcr:primaryType="nt:unstructured"
                            text="Ash"
                            value="ash_font"/>
                        <yellow
                            jcr:primaryType="nt:unstructured"
                            text="Symantec Gold"
                            value="symantec_gold_font"/>
                        <pink
                            jcr:primaryType="nt:unstructured"
                            text="Pink"
                            value="pink_font"/>
                        <blue
                            jcr:primaryType="nt:unstructured"
                            text="Sky Blue"
                            value="sky_blue_font"/>
                        <black
                            jcr:primaryType="nt:unstructured"
                            text="Black"
                            value="black_font"/>
                        <white
                            jcr:primaryType="nt:unstructured"
                            text="White"
                            value="white_font"/>
                        <green
                            jcr:primaryType="nt:unstructured"
                            text="Green"
                            value="green_font"/>
                        <purple
                            jcr:primaryType="nt:unstructured"
                            text="Purple"
                            value="purple_font"/>
                        <red
                            jcr:primaryType="nt:unstructured"
                            text="Red"
                            value="red_font"/>
                    </options>
                </Description_x0020_color>
                <Link_x0020_key
                    jcr:primaryType="cq:Widget"
                    fieldDescription="Enter text of the Link"
                    fieldLabel="Link Title"
                    maxLength="20"
                    name="./linkkey"
                    xtype="textfield"/>
                <linkpathoverlay
                    jcr:primaryType="cq:Widget"
                    allowBlank="{Boolean}true"
                    defaultValue=""
                    fieldDescription="Select Link Path Or Overlay"
                    fieldLabel="&#x9;&#xa;Link Path Or Overlay"
                    name="./linkpathoverlay"
                    type="select"
                    xtype="selection">
                    <listeners
                        jcr:primaryType="nt:unstructured"
                        selectionchanged="function(box,value){var dlg = box.findParentByType('panel');if(value == &quot;link_overlay&quot;){dlg.getComponent('overlayID').show();dlg.getComponent('linkpathID').hide();dlg.getComponent('overlayID1').show();}else{dlg.getComponent('linkpathID').show();dlg.getComponent('overlayID').hide();dlg.getComponent('overlayID1').hide();}}"/>
                    <options jcr:primaryType="cq:WidgetCollection">
                        <path
                            jcr:primaryType="nt:unstructured"
                            text="Link Path"
                            value="linkpath"/>
                        <overlay
                            jcr:primaryType="nt:unstructured"
                            text="Overlay On Link"
                            value="link_overlay"/>
                    </options>
                </linkpathoverlay>
                <Link_x0020_value
                    jcr:primaryType="cq:Widget"
                    fieldDescription="Specify the path for the Link"
                    fieldLabel="Link path"
                    itemId="linkpathID"
                    name="./linkvalue"
                    xtype="pathfield"/>
                <textvidoverlay
                    jcr:primaryType="cq:Widget"
                    allowBlank="{Boolean}true"
                    defaultValue=""
                    fieldDescription="Select Text or Video"
                    fieldLabel="Text or Video"
                    itemId="overlayID"
                    name="./textvidoverlay"
                    type="select"
                    xtype="selection">
                    <options jcr:primaryType="cq:WidgetCollection">
                        <textoverlay
                            jcr:primaryType="nt:unstructured"
                            text="Text Overlay"
                            value="textoverlay"/>
                        <vidoverlay
                            jcr:primaryType="nt:unstructured"
                            text="Video Overlay"
                            value="vidoverlay"/>
                    </options>
                </textvidoverlay>
                <dropdown
                    jcr:primaryType="cq:Widget"
                    fieldDescription="Select Overlay"
                    fieldLabel="Overlay"
                    itemId="overlayID1"
                    name="./dropvalue"
                    options="/bin/websitesecurity/overlayoptions"
                    type="select"
                    value="text"
                    xtype="selection"/>
            </items>
        </imagelefttextright>
        <imageleftlinkright
            jcr:primaryType="cq:Widget"
            title="Image Left and Link Right"
            xtype="panel">
            <listeners
                jcr:primaryType="nt:unstructured"
                render="function() { this.findParentByType('tabpanel').hideTabStripItem(4); }"/>
            <items jcr:primaryType="cq:WidgetCollection">
                <subtitle1
                    jcr:primaryType="cq:Widget"
                    fieldDescription="Enter Subtitle1"
                    fieldLabel="Subtitle1"
                    maxLength="70"
                    name="./subtitle1"
                    xtype="textfield"/>
                <subtitle1color
                    jcr:primaryType="cq:Widget"
                    fieldDescription="Choose the color for Subtitle1"
                    fieldLabel="Subtitle1 Color"
                    name="./subtitle1color"
                    type="select"
                    xtype="selection">
                    <options jcr:primaryType="cq:WidgetCollection">
                        <charcoal_grey
                            jcr:primaryType="nt:unstructured"
                            text="Charcoal Grey"
                            value="charcoal_grey_font"/>
                        <grey
                            jcr:primaryType="nt:unstructured"
                            text="Grey"
                            value="grey_font"/>
                        <lightest_grey
                            jcr:primaryType="nt:unstructured"
                            text="Lightest Grey"
                            value="lightest_grey_font"/>
                        <light_grey
                            jcr:primaryType="nt:unstructured"
                            text="Light Grey"
                            value="light_grey_font"/>
                        <midgrey
                            jcr:primaryType="nt:unstructured"
                            text="Mid Grey"
                            value="midgrey_font"/>
                        <slate_grey
                            jcr:primaryType="nt:unstructured"
                            text="Slate Grey"
                            value="slate_grey_font"/>
                        <ash
                            jcr:primaryType="nt:unstructured"
                            text="Ash"
                            value="ash_font"/>
                        <yellow
                            jcr:primaryType="nt:unstructured"
                            text="Symantec Gold"
                            value="symantec_gold_font"/>
                        <pink
                            jcr:primaryType="nt:unstructured"
                            text="Pink"
                            value="pink_font"/>
                        <blue
                            jcr:primaryType="nt:unstructured"
                            text="Sky Blue"
                            value="sky_blue_font"/>
                        <black
                            jcr:primaryType="nt:unstructured"
                            text="Black"
                            value="black_font"/>
                        <white
                            jcr:primaryType="nt:unstructured"
                            text="White"
                            value="white_font"/>
                        <green
                            jcr:primaryType="nt:unstructured"
                            text="Green"
                            value="green_font"/>
                        <purple
                            jcr:primaryType="nt:unstructured"
                            text="Purple"
                            value="purple_font"/>
                        <red
                            jcr:primaryType="nt:unstructured"
                            text="Red"
                            value="red_font"/>
                    </options>
                </subtitle1color>
                <subtitle2
                    jcr:primaryType="cq:Widget"
                    fieldDescription="Enter Subtitle2"
                    fieldLabel="Subtitle2"
                    maxLength="70"
                    name="./subtitle2"
                    xtype="textfield"/>
                <subtitle2color
                    jcr:primaryType="cq:Widget"
                    fieldDescription="Choose the color for Subtitle2"
                    fieldLabel="Subtitle2 Color"
                    name="./subtitle2color"
                    type="select"
                    xtype="selection">
                    <options jcr:primaryType="cq:WidgetCollection">
                        <charcoal_grey
                            jcr:primaryType="nt:unstructured"
                            text="Charcoal Grey"
                            value="charcoal_grey_font"/>
                        <grey
                            jcr:primaryType="nt:unstructured"
                            text="Grey"
                            value="grey_font"/>
                        <lightest_grey
                            jcr:primaryType="nt:unstructured"
                            text="Lightest Grey"
                            value="lightest_grey_font"/>
                        <light_grey
                            jcr:primaryType="nt:unstructured"
                            text="Light Grey"
                            value="light_grey_font"/>
                        <midgrey
                            jcr:primaryType="nt:unstructured"
                            text="Mid Grey"
                            value="midgrey_font"/>
                        <slate_grey
                            jcr:primaryType="nt:unstructured"
                            text="Slate Grey"
                            value="slate_grey_font"/>
                        <ash
                            jcr:primaryType="nt:unstructured"
                            text="Ash"
                            value="ash_font"/>
                        <yellow
                            jcr:primaryType="nt:unstructured"
                            text="Symantec Gold"
                            value="symantec_gold_font"/>
                        <pink
                            jcr:primaryType="nt:unstructured"
                            text="Pink"
                            value="pink_font"/>
                        <blue
                            jcr:primaryType="nt:unstructured"
                            text="Sky Blue"
                            value="sky_blue_font"/>
                        <black
                            jcr:primaryType="nt:unstructured"
                            text="Black"
                            value="black_font"/>
                        <white
                            jcr:primaryType="nt:unstructured"
                            text="White"
                            value="white_font"/>
                        <green
                            jcr:primaryType="nt:unstructured"
                            text="Green"
                            value="green_font"/>
                        <purple
                            jcr:primaryType="nt:unstructured"
                            text="Purple"
                            value="purple_font"/>
                        <red
                            jcr:primaryType="nt:unstructured"
                            text="Red"
                            value="red_font"/>
                    </options>
                </subtitle2color>
                <Description
                    jcr:primaryType="nt:unstructured"
                    fieldDescription="Enter Description"
                    fieldLabel="Description"
                    name="./description1"
                    removeSingleParagraphContainer="{Boolean}true"
                    required="{Boolean}true"
                    validateValue="function(field){var temp=this.getValue();if(temp.length>158){this.markInvalid(&quot;Description should not exceed 150 characters&quot;);return false;}else{this.clearInvalid();return true;}}"
                    xtype="richtext">
                    <rtePlugins jcr:primaryType="nt:unstructured">
                        <table
                            jcr:primaryType="nt:unstructured"
                            features="*"/>
                        <format
                            jcr:primaryType="nt:unstructured"
                            features="*"/>
                        <lists
                            jcr:primaryType="nt:unstructured"
                            features="*"/>
                        <justify
                            jcr:primaryType="nt:unstructured"
                            features="*"/>
                        <edit
                            jcr:primaryType="nt:unstructured"
                            features="[paste-wordhtml]"/>
                        <findreplace
                            jcr:primaryType="nt:unstructured"
                            features="*"/>
                        <paraformat
                            jcr:primaryType="nt:unstructured"
                            features="*"/>
                        <subsuperscript
                            jcr:primaryType="nt:unstructured"
                            features="*"/>
                        <misctools
                            jcr:primaryType="nt:unstructured"
                            features="*"/>
                        <links
                            jcr:primaryType="nt:unstructured"
                            features="*"/>
                        <spellcheck
                            jcr:primaryType="nt:unstructured"
                            features="*"
                            invalidStyle="background-color: #ffdddd;"/>
                        <undo
                            jcr:primaryType="nt:unstructured"
                            features="*"/>
                        <image
                            jcr:primaryType="nt:unstructured"
                            features="*"/>
                        <fontstyles
                            jcr:primaryType="nt:unstructured"
                            features="*">
                            <styles jcr:primaryType="cq:WidgetCollection">
                                <fontstyle
                                    jcr:primaryType="cq:WidgetCollection"
                                    cssName="css"
                                    text="Description"/>
                            </styles>
                        </fontstyles>
                        <fontcolor
                            jcr:primaryType="nt:unstructured"
                            features="*">
                            <styles jcr:primaryType="cq:WidgetCollection">
                                <fontcolor
                                    jcr:primaryType="cq:WidgetCollection"
                                    cssName="css"
                                    text="Description"/>
                            </styles>
                        </fontcolor>
                        <styles
                            jcr:primaryType="nt:unstructured"
                            features="*">
                            <style
                                jcr:primaryType="cq:WidgetCollection"
                                cssName="richtext"
                                text="Description"/>
                        </styles>
                    </rtePlugins>
                </Description>
                <Description_x0020_color
                    jcr:primaryType="cq:Widget"
                    fieldDescription="Choose the color for Description"
                    fieldLabel="Description Color"
                    name="./desccolor1"
                    type="select"
                    xtype="selection">
                    <options jcr:primaryType="cq:WidgetCollection">
                        <charcoal_grey
                            jcr:primaryType="nt:unstructured"
                            text="Charcoal Grey"
                            value="charcoal_grey_font"/>
                        <grey
                            jcr:primaryType="nt:unstructured"
                            text="Grey"
                            value="grey_font"/>
                        <lightest_grey
                            jcr:primaryType="nt:unstructured"
                            text="Lightest Grey"
                            value="lightest_grey_font"/>
                        <light_grey
                            jcr:primaryType="nt:unstructured"
                            text="Light Grey"
                            value="light_grey_font"/>
                        <midgrey
                            jcr:primaryType="nt:unstructured"
                            text="Mid Grey"
                            value="midgrey_font"/>
                        <slate_grey
                            jcr:primaryType="nt:unstructured"
                            text="Slate Grey"
                            value="slate_grey_font"/>
                        <ash
                            jcr:primaryType="nt:unstructured"
                            text="Ash"
                            value="ash_font"/>
                        <yellow
                            jcr:primaryType="nt:unstructured"
                            text="Symantec Gold"
                            value="symantec_gold_font"/>
                        <pink
                            jcr:primaryType="nt:unstructured"
                            text="Pink"
                            value="pink_font"/>
                        <blue
                            jcr:primaryType="nt:unstructured"
                            text="Sky Blue"
                            value="sky_blue_font"/>
                        <black
                            jcr:primaryType="nt:unstructured"
                            text="Black"
                            value="black_font"/>
                        <white
                            jcr:primaryType="nt:unstructured"
                            text="White"
                            value="white_font"/>
                        <green
                            jcr:primaryType="nt:unstructured"
                            text="Green"
                            value="green_font"/>
                        <purple
                            jcr:primaryType="nt:unstructured"
                            text="Purple"
                            value="purple_font"/>
                        <red
                            jcr:primaryType="nt:unstructured"
                            text="Red"
                            value="red_font"/>
                    </options>
                </Description_x0020_color>
                <Link_x0020_Key1
                    jcr:primaryType="cq:Widget"
                    fieldDescription="Enter text of the Link"
                    fieldLabel="Link Text"
                    maxLength="60"
                    name="./linkkey1"
                    xtype="textfield"/>
                <Link_x0020_Value1
                    jcr:primaryType="cq:Widget"
                    fieldDescription="Specify path for the Link"
                    fieldLabel="Link Value"
                    name="./linkvalue1"
                    xtype="pathfield"/>
                <color
                    jcr:primaryType="cq:Widget"
                    fieldDescription="Background Color"
                    fieldLabel="Background Color"
                    name="./bgcolor1"
                    type="select"
                    xtype="selection">
                    <options jcr:primaryType="cq:WidgetCollection">
                        <charcoal_grey
                            jcr:primaryType="nt:unstructured"
                            text="Charcoal Grey"
                            value="charcoal_grey_bg"/>
                        <lightgrey
                            jcr:primaryType="nt:unstructured"
                            text="Light Grey"
                            value="lightest_grey_bg"/>
                        <red
                            jcr:primaryType="nt:unstructured"
                            text="Red"
                            value="red_bg"/>
                        <yellow
                            jcr:primaryType="nt:unstructured"
                            text="Yellow"
                            value="symantec_gold_bg"/>
                        <ash
                            jcr:primaryType="nt:unstructured"
                            text="Ash"
                            value="ash_bg"/>
                        <green
                            jcr:primaryType="nt:unstructured"
                            text="Green"
                            value="green_bg"/>
                        <purple
                            jcr:primaryType="nt:unstructured"
                            text="Purple"
                            value="purple_bg"/>
                        <blue
                            jcr:primaryType="nt:unstructured"
                            text="Sky Blue"
                            value="sky_blue_bg"/>
                        <white
                            jcr:primaryType="nt:unstructured"
                            text="White"
                            value="white_bg"/>
                    </options>
                </color>
            </items>
        </imageleftlinkright>
        <imagecentertextbelow
            jcr:primaryType="cq:Widget"
            title="Image Center and Text Below"
            xtype="panel">
            <listeners
                jcr:primaryType="nt:unstructured"
                render="function() { this.findParentByType('tabpanel').hideTabStripItem(5); }"/>
            <items jcr:primaryType="cq:WidgetCollection">
                <color
                    jcr:primaryType="cq:Widget"
                    fieldDescription="Background Color"
                    fieldLabel="Background Color"
                    name="./bgcolor2"
                    type="select"
                    xtype="selection">
                    <options jcr:primaryType="cq:WidgetCollection">
                        <charcoal_grey
                            jcr:primaryType="nt:unstructured"
                            text="Charcoal Grey"
                            value="charcoal_grey_bg"/>
                        <lightgrey
                            jcr:primaryType="nt:unstructured"
                            text="Light Grey"
                            value="lightest_grey_bg"/>
                        <red
                            jcr:primaryType="nt:unstructured"
                            text="Red"
                            value="red_bg"/>
                        <Symantec_x0020_Gold
                            jcr:primaryType="nt:unstructured"
                            text="Symantec Gold"
                            value="symantec_gold_bg"/>
                        <ash
                            jcr:primaryType="nt:unstructured"
                            text="Ash"
                            value="ash_bg"/>
                        <green
                            jcr:primaryType="nt:unstructured"
                            text="Green"
                            value="green_bg"/>
                        <purple
                            jcr:primaryType="nt:unstructured"
                            text="Purple"
                            value="purple_bg"/>
                        <blue
                            jcr:primaryType="nt:unstructured"
                            text="Sky Blue"
                            value="sky_blue_bg"/>
                        <white
                            jcr:primaryType="nt:unstructured"
                            text="White"
                            value="white_bg"/>
                    </options>
                </color>
                <title
                    jcr:primaryType="cq:Widget"
                    fieldDescription="Enter Title"
                    fieldLabel="Title"
                    maxLength="70"
                    name="./title1"
                    xtype="textfield"/>
                <titlecolor
                    jcr:primaryType="cq:Widget"
                    fieldDescription="Choose the color for Title"
                    fieldLabel="Title color"
                    name="./titlecolor1"
                    type="select"
                    xtype="selection">
                    <options jcr:primaryType="cq:WidgetCollection">
                        <charcoal_grey
                            jcr:primaryType="nt:unstructured"
                            text="Charcoal Grey"
                            value="charcoal_grey_font"/>
                        <grey
                            jcr:primaryType="nt:unstructured"
                            text="Grey"
                            value="grey_font"/>
                        <lightest_grey
                            jcr:primaryType="nt:unstructured"
                            text="Lightest Grey"
                            value="lightest_grey_font"/>
                        <light_grey
                            jcr:primaryType="nt:unstructured"
                            text="Light Grey"
                            value="light_grey_font"/>
                        <midgrey
                            jcr:primaryType="nt:unstructured"
                            text="Mid Grey"
                            value="midgrey_font"/>
                        <slate_grey
                            jcr:primaryType="nt:unstructured"
                            text="Slate Grey"
                            value="slate_grey_font"/>
                        <ash
                            jcr:primaryType="nt:unstructured"
                            text="Ash"
                            value="ash_font"/>
                        <yellow
                            jcr:primaryType="nt:unstructured"
                            text="Symantec Gold"
                            value="symantec_gold_font"/>
                        <pink
                            jcr:primaryType="nt:unstructured"
                            text="Pink"
                            value="pink_font"/>
                        <blue
                            jcr:primaryType="nt:unstructured"
                            text="Sky Blue"
                            value="sky_blue_font"/>
                        <black
                            jcr:primaryType="nt:unstructured"
                            text="Black"
                            value="black_font"/>
                        <white
                            jcr:primaryType="nt:unstructured"
                            text="White"
                            value="white_font"/>
                        <green
                            jcr:primaryType="nt:unstructured"
                            text="Green"
                            value="green_font"/>
                        <purple
                            jcr:primaryType="nt:unstructured"
                            text="Purple"
                            value="purple_font"/>
                        <red
                            jcr:primaryType="nt:unstructured"
                            text="Red"
                            value="red_font"/>
                    </options>
                </titlecolor>
                <Description
                    jcr:primaryType="nt:unstructured"
                    fieldDescription="Enter the Description"
                    fieldLabel="Description"
                    name="./description2"
                    removeSingleParagraphContainer="{Boolean}true"
                    validateValue="function(field){var temp=this.getValue();if(temp.length>178){this.markInvalid(&quot;Description should not exceed 170 characters&quot;);return false;}else{this.clearInvalid();return true;}}"
                    xtype="richtext">
                    <rtePlugins jcr:primaryType="nt:unstructured">
                        <table
                            jcr:primaryType="nt:unstructured"
                            features="*"/>
                        <format
                            jcr:primaryType="nt:unstructured"
                            features="*"/>
                        <lists
                            jcr:primaryType="nt:unstructured"
                            features="*"/>
                        <justify
                            jcr:primaryType="nt:unstructured"
                            features="*"/>
                        <edit
                            jcr:primaryType="nt:unstructured"
                            features="[paste-wordhtml]"/>
                        <findreplace
                            jcr:primaryType="nt:unstructured"
                            features="*"/>
                        <paraformat
                            jcr:primaryType="nt:unstructured"
                            features="*"/>
                        <subsuperscript
                            jcr:primaryType="nt:unstructured"
                            features="*"/>
                        <misctools
                            jcr:primaryType="nt:unstructured"
                            features="*"/>
                        <links
                            jcr:primaryType="nt:unstructured"
                            features="*"/>
                        <spellcheck
                            jcr:primaryType="nt:unstructured"
                            features="*"
                            invalidStyle="background-color: #ffdddd;"/>
                        <undo
                            jcr:primaryType="nt:unstructured"
                            features="*"/>
                        <image
                            jcr:primaryType="nt:unstructured"
                            features="*"/>
                        <fontstyles
                            jcr:primaryType="nt:unstructured"
                            features="*">
                            <styles jcr:primaryType="cq:WidgetCollection">
                                <fontstyle
                                    jcr:primaryType="cq:WidgetCollection"
                                    cssName="css"
                                    text="Description"/>
                            </styles>
                        </fontstyles>
                        <fontcolor
                            jcr:primaryType="nt:unstructured"
                            features="*">
                            <styles jcr:primaryType="cq:WidgetCollection">
                                <fontcolor
                                    jcr:primaryType="cq:WidgetCollection"
                                    cssName="css"
                                    text="Description"/>
                            </styles>
                        </fontcolor>
                        <styles
                            jcr:primaryType="nt:unstructured"
                            features="*">
                            <style
                                jcr:primaryType="cq:WidgetCollection"
                                cssName="richtext"
                                text="Description"/>
                        </styles>
                    </rtePlugins>
                </Description>
                <Description_x0020_color
                    jcr:primaryType="cq:Widget"
                    fieldDescription="Choose the color for Description"
                    fieldLabel="Description Color"
                    name="./desccolor2"
                    type="select"
                    xtype="selection">
                    <options jcr:primaryType="cq:WidgetCollection">
                        <charcoal_grey
                            jcr:primaryType="nt:unstructured"
                            text="Charcoal Grey"
                            value="charcoal_grey_font"/>
                        <grey
                            jcr:primaryType="nt:unstructured"
                            text="Grey"
                            value="grey_font"/>
                        <lightest_grey
                            jcr:primaryType="nt:unstructured"
                            text="Lightest Grey"
                            value="lightest_grey_font"/>
                        <light_grey
                            jcr:primaryType="nt:unstructured"
                            text="Light Grey"
                            value="light_grey_font"/>
                        <midgrey
                            jcr:primaryType="nt:unstructured"
                            text="Mid Grey"
                            value="midgrey_font"/>
                        <slate_grey
                            jcr:primaryType="nt:unstructured"
                            text="Slate Grey"
                            value="slate_grey_font"/>
                        <ash
                            jcr:primaryType="nt:unstructured"
                            text="Ash"
                            value="ash_font"/>
                        <yellow
                            jcr:primaryType="nt:unstructured"
                            text="Symantec Gold"
                            value="symantec_gold_font"/>
                        <pink
                            jcr:primaryType="nt:unstructured"
                            text="Pink"
                            value="pink_font"/>
                        <blue
                            jcr:primaryType="nt:unstructured"
                            text="Sky Blue"
                            value="sky_blue_font"/>
                        <black
                            jcr:primaryType="nt:unstructured"
                            text="Black"
                            value="black_font"/>
                        <white
                            jcr:primaryType="nt:unstructured"
                            text="White"
                            value="white_font"/>
                        <green
                            jcr:primaryType="nt:unstructured"
                            text="Green"
                            value="green_font"/>
                        <purple
                            jcr:primaryType="nt:unstructured"
                            text="Purple"
                            value="purple_font"/>
                        <red
                            jcr:primaryType="nt:unstructured"
                            text="Red"
                            value="red_font"/>
                    </options>
                </Description_x0020_color>
            </items>
        </imagecentertextbelow>
        <smallimageleftwithlinkortext
            jcr:primaryType="cq:Widget"
            title="Small Image Left With Link Or Text Right"
            xtype="panel">
            <listeners
                jcr:primaryType="nt:unstructured"
                render="function() { this.findParentByType('tabpanel').hideTabStripItem(6); }"/>
            <items jcr:primaryType="cq:WidgetCollection">
                <selection
                    jcr:primaryType="cq:Widget"
                    allowBlank="{Boolean}true"
                    defaultValue="None"
                    fieldDescription="Select the following"
                    fieldLabel="Links or Text"
                    name="./opt"
                    type="select"
                    xtype="selection">
                    <listeners
                        jcr:primaryType="nt:unstructured"
                        selectionchanged="function(box,value){&#xa;var dlg = box.findParentByType('panel');&#xa;if(value == &quot;Text&quot;)&#xa;{&#xa;dlg.getComponent('textID').show();&#xa;dlg.getComponent('colorID').show();&#xa;dlg.getComponent('linkID').hide();&#xa;dlg.getComponent('pathID').hide();&#xa;dlg.getComponent('borderID').hide();&#xa;}&#xa;else{&#xa;dlg.getComponent('linkID').show();&#xa;dlg.getComponent('pathID').show();&#xa;dlg.getComponent('borderID').show();&#xa;dlg.getComponent('textID').hide();&#xa;dlg.getComponent('colorID').hide();&#xa;}&#xa;}"/>
                    <options jcr:primaryType="cq:WidgetCollection">
                        <Text
                            jcr:primaryType="nt:unstructured"
                            text="Text"
                            value="Text"/>
                        <Links
                            jcr:primaryType="nt:unstructured"
                            text="Link"
                            value="Text_Link"/>
                    </options>
                </selection>
                <text
                    jcr:primaryType="cq:Widget"
                    fieldLabel="Text"
                    itemId="textID"
                    maxLength="60"
                    name="./text"
                    xtype="textfield"/>
                <textcolor
                    jcr:primaryType="cq:Widget"
                    fieldDescription="Choose the color for Text"
                    fieldLabel="Text Color"
                    itemId="colorID"
                    name="./textcolor"
                    type="select"
                    xtype="selection">
                    <options jcr:primaryType="cq:WidgetCollection">
                        <charcoal_grey
                            jcr:primaryType="nt:unstructured"
                            text="charcoal grey"
                            value="charcoal_grey_font"/>
                        <grey
                            jcr:primaryType="nt:unstructured"
                            text="grey"
                            value="grey_font"/>
                        <lightest_grey
                            jcr:primaryType="nt:unstructured"
                            text="lightest grey"
                            value="lightest_grey_font"/>
                        <light_grey
                            jcr:primaryType="nt:unstructured"
                            text="light grey"
                            value="light_grey_font"/>
                        <midgrey
                            jcr:primaryType="nt:unstructured"
                            text="midgrey"
                            value="midgrey_font"/>
                        <slate_grey
                            jcr:primaryType="nt:unstructured"
                            text="slate_grey"
                            value="slate_grey_font"/>
                        <ash
                            jcr:primaryType="nt:unstructured"
                            text="ash"
                            value="ash_font"/>
                        <Symantec_x0020_Gold
                            jcr:primaryType="nt:unstructured"
                            text="Symantec Gold"
                            value="symantec_gold_font"/>
                        <pink
                            jcr:primaryType="nt:unstructured"
                            text="pink"
                            value="pink_font"/>
                        <blue
                            jcr:primaryType="nt:unstructured"
                            text="sky blue"
                            value="sky_blue_font"/>
                        <black
                            jcr:primaryType="nt:unstructured"
                            text="black"
                            value="black_font"/>
                        <white
                            jcr:primaryType="nt:unstructured"
                            text="white"
                            value="white_font"/>
                        <green
                            jcr:primaryType="nt:unstructured"
                            text="green"
                            value="green_font"/>
                        <purple
                            jcr:primaryType="nt:unstructured"
                            text="purple"
                            value="purple_font"/>
                        <red
                            jcr:primaryType="nt:unstructured"
                            text="red"
                            value="red_font"/>
                    </options>
                </textcolor>
                <link
                    jcr:primaryType="cq:Widget"
                    fieldLabel="Link Text"
                    itemId="linkID"
                    maxLength="60"
                    name="./link4"
                    xtype="textfield"/>
                <linkpath
                    jcr:primaryType="cq:Widget"
                    fieldLabel="Link Path"
                    itemId="pathID"
                    name="./path4"
                    xtype="pathfield"/>
                <Description
                    jcr:primaryType="nt:unstructured"
                    fieldDescription="Enter Description"
                    fieldLabel="Description"
                    name="./description4"
                    removeSingleParagraphContainer="{Boolean}true"
                    required="{Boolean}true"
                    validateValue="function(field){var temp=this.getValue();if(temp.length>240){this.markInvalid(&quot;Description should not exceed 240 characters&quot;);return false;}else{this.clearInvalid();return true;}}"
                    xtype="richtext">
                    <rtePlugins jcr:primaryType="nt:unstructured">
                        <table
                            jcr:primaryType="nt:unstructured"
                            features="*"/>
                        <format
                            jcr:primaryType="nt:unstructured"
                            features="*"/>
                        <lists
                            jcr:primaryType="nt:unstructured"
                            features="*"/>
                        <justify
                            jcr:primaryType="nt:unstructured"
                            features="*"/>
                        <edit
                            jcr:primaryType="nt:unstructured"
                            features="[paste-wordhtml]"/>
                        <findreplace
                            jcr:primaryType="nt:unstructured"
                            features="*"/>
                        <paraformat
                            jcr:primaryType="nt:unstructured"
                            features="*"/>
                        <subsuperscript
                            jcr:primaryType="nt:unstructured"
                            features="*"/>
                        <misctools
                            jcr:primaryType="nt:unstructured"
                            features="*"/>
                        <links
                            jcr:primaryType="nt:unstructured"
                            features="*"/>
                        <spellcheck
                            jcr:primaryType="nt:unstructured"
                            features="*"
                            invalidStyle="background-color: #ffdddd;"/>
                        <undo
                            jcr:primaryType="nt:unstructured"
                            features="*"/>
                        <image
                            jcr:primaryType="nt:unstructured"
                            features="*"/>
                        <fontstyles
                            jcr:primaryType="nt:unstructured"
                            features="*">
                            <styles jcr:primaryType="cq:WidgetCollection">
                                <fontstyle
                                    jcr:primaryType="cq:WidgetCollection"
                                    cssName="css"
                                    text="Description"/>
                            </styles>
                        </fontstyles>
                        <fontcolor
                            jcr:primaryType="nt:unstructured"
                            features="*">
                            <styles jcr:primaryType="cq:WidgetCollection">
                                <fontcolor
                                    jcr:primaryType="cq:WidgetCollection"
                                    cssName="css"
                                    text="Description"/>
                            </styles>
                        </fontcolor>
                        <styles
                            jcr:primaryType="nt:unstructured"
                            features="*">
                            <style
                                jcr:primaryType="cq:WidgetCollection"
                                cssName="richtext"
                                text="Description"/>
                        </styles>
                    </rtePlugins>
                </Description>
                <Description_x0020_color
                    jcr:primaryType="cq:Widget"
                    fieldDescription="Choose the color for Description"
                    fieldLabel="Description Color"
                    name="./desc1color"
                    type="select"
                    xtype="selection">
                    <options jcr:primaryType="cq:WidgetCollection">
                        <charcoal_grey
                            jcr:primaryType="nt:unstructured"
                            text="charcoal grey"
                            value="charcoal_grey_font"/>
                        <grey
                            jcr:primaryType="nt:unstructured"
                            text="grey"
                            value="grey_font"/>
                        <lightest_grey
                            jcr:primaryType="nt:unstructured"
                            text="lightest grey"
                            value="lightest_grey_font"/>
                        <light_grey
                            jcr:primaryType="nt:unstructured"
                            text="light grey"
                            value="light_grey_font"/>
                        <midgrey
                            jcr:primaryType="nt:unstructured"
                            text="midgrey"
                            value="midgrey_font"/>
                        <slate_grey
                            jcr:primaryType="nt:unstructured"
                            text="slate_grey"
                            value="slate_grey_font"/>
                        <ash
                            jcr:primaryType="nt:unstructured"
                            text="ash"
                            value="ash_font"/>
                        <Symantec_x0020_Gold
                            jcr:primaryType="nt:unstructured"
                            text="Symantec Gold"
                            value="symantec_gold_font"/>
                        <pink
                            jcr:primaryType="nt:unstructured"
                            text="pink"
                            value="pink_font"/>
                        <blue
                            jcr:primaryType="nt:unstructured"
                            text="sky blue"
                            value="sky_blue_font"/>
                        <black
                            jcr:primaryType="nt:unstructured"
                            text="black"
                            value="black_font"/>
                        <white
                            jcr:primaryType="nt:unstructured"
                            text="white"
                            value="white_font"/>
                        <green
                            jcr:primaryType="nt:unstructured"
                            text="green"
                            value="green_font"/>
                        <purple
                            jcr:primaryType="nt:unstructured"
                            text="purple"
                            value="purple_font"/>
                        <red
                            jcr:primaryType="nt:unstructured"
                            text="red"
                            value="red_font"/>
                    </options>
                </Description_x0020_color>
                <Link_x0020_Key1
                    jcr:primaryType="cq:Widget"
                    fieldDescription="Enter text of the Link"
                    fieldLabel="Bottom Link Text"
                    maxLength="60"
                    name="./linkkey4"
                    xtype="textfield"/>
                <Link_x0020_Value1
                    jcr:primaryType="cq:Widget"
                    fieldDescription="Specify path for the Link"
                    fieldLabel="Bottom Link Path"
                    maxLength="80"
                    name="./linkvalue4"
                    xtype="pathfield"/>
                <color
                    jcr:primaryType="cq:Widget"
                    fieldDescription="Background Color"
                    fieldLabel="Background Color"
                    name="./bgcolor4"
                    type="select"
                    xtype="selection">
                    <options jcr:primaryType="cq:WidgetCollection">
                        <charcoal_grey
                            jcr:primaryType="nt:unstructured"
                            text="charcoal grey"
                            value="charcoal_grey_bg"/>
                        <lightgrey
                            jcr:primaryType="nt:unstructured"
                            text="lightgrey"
                            value="lightest_grey_bg"/>
                        <red
                            jcr:primaryType="nt:unstructured"
                            text="red"
                            value="red_bg"/>
                        <yellow
                            jcr:primaryType="nt:unstructured"
                            text="yellow"
                            value="symantec_gold_bg"/>
                        <ash
                            jcr:primaryType="nt:unstructured"
                            text="ash"
                            value="ash_bg"/>
                        <green
                            jcr:primaryType="nt:unstructured"
                            text="green"
                            value="green_bg"/>
                        <purple
                            jcr:primaryType="nt:unstructured"
                            text="purple"
                            value="purple_bg"/>
                        <blue
                            jcr:primaryType="nt:unstructured"
                            text="sky_blue"
                            value="sky_blue_bg"/>
                        <white
                            jcr:primaryType="nt:unstructured"
                            text="white"
                            value="white_bg"/>
                    </options>
                </color>
                <bottom_x0020_border
                    jcr:primaryType="cq:Widget"
                    fieldDescription="Top Border required"
                    fieldLabel="Top Border"
                    name="./topborder"
                    type="select"
                    xtype="selection">
                    <options jcr:primaryType="cq:WidgetCollection">
                        <yes
                            jcr:primaryType="nt:unstructured"
                            text="Yes"
                            value="topborder-yes"/>
                        <no
                            jcr:primaryType="nt:unstructured"
                            text="No"
                            value="topborder-no"/>
                        <noMobile
                            jcr:primaryType="nt:unstructured"
                            text="Right Top Border"
                            value="c-bordernone"/>
                    </options>
                </bottom_x0020_border>
            </items>
        </smallimageleftwithlinkortext>
    </items>
    <listeners
        jcr:primaryType="nt:unstructured"
        close="function(box,dialog){alert(&quot;ddd&quot; )};"
        onsubmit="function(tabpanel){var description = tabpanel.getField(&quot;./description&quot;).getRawValue();alert(description);if(description.length == 0){this.markInvalid(&quot;Test&quot;);return false;}}"/>
</jcr:root>
